{
	"credit": "Made with Blockbench",
	"texture_size": [32, 32],
	"elements": [
		{
			"from": [3.18629, -9.5, 7],
			"to": [6.18629, -6.5, 9],
			"rotation": {"angle": 45, "axis": "z", "origin": [-3.31371, 0, 0.5]},
			"color": 3,
			"faces": {
				"north": {"uv": [7, 3, 8.5, 4.5], "texture": "#missing"},
				"east": {"uv": [8.5, 0, 9.5, 1.5], "texture": "#missing"},
				"south": {"uv": [7, 4.5, 8.5, 6], "texture": "#missing"},
				"west": {"uv": [8.5, 1.5, 9.5, 3], "texture": "#missing"},
				"up": {"uv": [10, 4, 8.5, 3], "texture": "#missing"},
				"down": {"uv": [5, 8.5, 3.5, 9.5], "texture": "#missing"}
			}
		},
		{
			"from": [17.12132, 10, 7],
			"to": [21.12132, 14, 9],
			"rotation": {"angle": 45, "axis": "z", "origin": [10.12132, 0, 0]},
			"color": 8,
			"faces": {
				"north": {"uv": [5, 3, 7, 5], "texture": "#missing"},
				"east": {"uv": [5, 7, 6, 9], "texture": "#missing"},
				"south": {"uv": [5, 5, 7, 7], "texture": "#missing"},
				"west": {"uv": [6, 7, 7, 9], "texture": "#missing"},
				"up": {"uv": [9, 7, 7, 6], "texture": "#missing"},
				"down": {"uv": [9, 7, 7, 8], "texture": "#missing"}
			}
		},
		{
			"from": [6.75, -0.05761, 7.25],
			"to": [9.25, 13.44239, 8.75],
			"rotation": {"angle": 0, "axis": "y", "origin": [2, 3.19239, -1.5]},
			"color": 3,
			"faces": {
				"north": {"uv": [0, 0, 1.5, 7], "texture": "#missing"},
				"east": {"uv": [3, 0, 4, 7], "texture": "#missing"},
				"south": {"uv": [1.5, 0, 3, 7], "texture": "#missing"},
				"west": {"uv": [4, 0, 5, 7], "texture": "#missing"},
				"up": {"uv": [10, 5, 8.5, 4], "texture": "#missing"},
				"down": {"uv": [10, 5, 8.5, 6], "texture": "#missing"}
			}
		},
		{
			"from": [8, 14, 7.85],
			"to": [13, 17, 8.35],
			"rotation": {"angle": 22.5, "axis": "z", "origin": [9, 16, 8.85]},
			"color": 9,
			"faces": {
				"north": {"uv": [0, 7, 2.5, 8.5], "texture": "#missing"},
				"east": {"uv": [2.5, 9, 3, 10.5], "texture": "#missing"},
				"south": {"uv": [2.5, 7, 5, 8.5], "texture": "#missing"},
				"west": {"uv": [3, 9, 3.5, 10.5], "texture": "#missing"},
				"up": {"uv": [9.5, 9, 7, 8.5], "texture": "#missing"},
				"down": {"uv": [2.5, 9, 0, 9.5], "texture": "#missing"}
			}
		},
		{
			"from": [10.12122, 17.24207, 7.65],
			"to": [17.52122, 20.64207, 8.15],
			"rotation": {"angle": -22.5, "axis": "z", "origin": [6.32122, 14.44207, 8.85]},
			"color": 0,
			"faces": {
				"north": {"uv": [5, 0, 8.5, 1.5], "texture": "#missing"},
				"east": {"uv": [5, 9, 5.5, 10.5], "texture": "#missing"},
				"south": {"uv": [5, 1.5, 8.5, 3], "texture": "#missing"},
				"west": {"uv": [5.5, 9, 6, 10.5], "texture": "#missing"},
				"up": {"uv": [10.5, 8.5, 7, 8], "texture": "#missing"},
				"down": {"uv": [3.5, 8.5, 0, 9], "texture": "#missing"}
			}
		}
	],
	"gui_light": "front",
	"display": {
		"thirdperson_righthand": {
			"rotation": [0, 90, 0],
			"translation": [0, 1, 2]
		},
		"thirdperson_lefthand": {
			"rotation": [0, -90, 0],
			"translation": [0, 1, 2]
		},
		"firstperson_righthand": {
			"rotation": [20, 90, 0],
			"translation": [2.5, -1.5, -0.25]
		},
		"firstperson_lefthand": {
			"rotation": [20, -80, 0],
			"translation": [2.5, -1.5, -0.25]
		},
		"ground": {
			"rotation": [-90, 0, 0]
		},
		"gui": {
			"rotation": [0, -180, 45],
			"translation": [0, -2.5, 0],
			"scale": [0.8, 0.8, 0.8]
		},
		"fixed": {
			"translation": [0, -0.25, 0]
		}
	},
	"groups": [
		{
			"name": "group",
			"origin": [8, 8, 8],
			"color": 0,
			"nbt": "{}",
			"children": [
				{
					"name": "group",
					"origin": [-3.31371, 0, 1],
					"color": 0,
					"nbt": "{}",
					"children": [0]
				},
				{
					"name": "group",
					"origin": [16.89949, 0, 7],
					"color": 0,
					"nbt": "{}",
					"children": [1]
				},
				2
			]
		},
		3,
		4
	]
}