{
	"credit": "Made with Blockbench",
	"texture_size": [32, 32],
	"textures": {
		"0": "item/crossbow",
		"particle": "item/crossbow"
	},
	"elements": [
		{
			"from": [6.5, 6, 5],
			"to": [9.5, 8, 17],
			"faces": {
				"north": {"uv": [10, 10.5, 11.5, 11.5], "texture": "#0"},
				"east": {"uv": [3, 0, 9, 1], "texture": "#0"},
				"south": {"uv": [2, 11, 3.5, 12], "texture": "#0"},
				"west": {"uv": [3, 1, 9, 2], "texture": "#0"},
				"up": {"uv": [1.5, 6, 0, 0], "texture": "#0"},
				"down": {"uv": [3, 0, 1.5, 6], "texture": "#0"}
			}
		},
		{
			"from": [5, 8, 3],
			"to": [11, 10, 5],
			"faces": {
				"north": {"uv": [7, 6, 10, 7], "texture": "#0"},
				"east": {"uv": [12, 4.5, 13, 5.5], "texture": "#0"},
				"south": {"uv": [7, 7, 10, 8], "texture": "#0"},
				"west": {"uv": [6, 12, 7, 13], "texture": "#0"},
				"up": {"uv": [3, 9, 0, 8], "texture": "#0"},
				"down": {"uv": [6, 8, 3, 9], "texture": "#0"}
			}
		},
		{
			"from": [7, 8, 14],
			"to": [9, 10, 16],
			"faces": {
				"north": {"uv": [12, 9, 13, 10], "texture": "#0"},
				"east": {"uv": [11.5, 12, 12.5, 13], "texture": "#0"},
				"south": {"uv": [5, 12.5, 6, 13.5], "texture": "#0"},
				"west": {"uv": [12.5, 5.5, 13.5, 6.5], "texture": "#0"},
				"up": {"uv": [13.5, 7.5, 12.5, 6.5], "texture": "#0"},
				"down": {"uv": [11, 12.5, 10, 13.5], "texture": "#0"}
			}
		},
		{
			"from": [5.5, 1.5, 8.5],
			"to": [10.5, 6.5, 11.5],
			"faces": {
				"north": {"uv": [5, 2, 7, 4], "texture": "#0"},
				"east": {"uv": [6, 10, 7, 12], "texture": "#0"},
				"south": {"uv": [5, 4, 7, 6], "texture": "#0"},
				"west": {"uv": [10, 6, 11, 8], "texture": "#0"},
				"up": {"uv": [9, 11, 7, 10], "texture": "#0"},
				"down": {"uv": [12, 9.5, 10, 10.5], "texture": "#0"}
			}
		},
		{
			"from": [7.5, 8, 5],
			"to": [8.5, 9, 14],
			"faces": {
				"north": {"uv": [8.5, 11, 9, 11.5], "texture": "#0"},
				"east": {"uv": [0, 9.5, 4.5, 10], "texture": "#0"},
				"south": {"uv": [11, 9, 11.5, 9.5], "texture": "#0"},
				"west": {"uv": [4.5, 9.5, 9, 10], "texture": "#0"},
				"up": {"uv": [9.5, 14, 9, 9.5], "texture": "#0"},
				"down": {"uv": [10, 9.5, 9.5, 14], "texture": "#0"}
			}
		},
		{
			"from": [9, 7, 2],
			"to": [10, 8, 5],
			"faces": {
				"north": {"uv": [8.5, 11.5, 9, 12], "texture": "#0"},
				"east": {"uv": [13, 4, 14.5, 4.5], "texture": "#0"},
				"south": {"uv": [11.5, 9, 12, 9.5], "texture": "#0"},
				"west": {"uv": [13, 4.5, 14.5, 5], "texture": "#0"},
				"up": {"uv": [11.5, 14, 11, 12.5], "texture": "#0"},
				"down": {"uv": [6.5, 13, 6, 14.5], "texture": "#0"}
			}
		},
		{
			"from": [6, 7, 2],
			"to": [7, 8, 5],
			"rotation": {"angle": 0, "axis": "y", "origin": [16, 0, 0]},
			"faces": {
				"north": {"uv": [13, 9.5, 13.5, 10], "texture": "#0"},
				"east": {"uv": [13, 5, 14.5, 5.5], "texture": "#0"},
				"south": {"uv": [11.5, 13, 12, 13.5], "texture": "#0"},
				"west": {"uv": [6.5, 13, 8, 13.5], "texture": "#0"},
				"up": {"uv": [8.5, 14.5, 8, 13], "texture": "#0"},
				"down": {"uv": [13.5, 8, 13, 9.5], "texture": "#0"}
			}
		},
		{
			"from": [6, 7, 1],
			"to": [10, 8, 2],
			"faces": {
				"north": {"uv": [12, 10, 14, 10.5], "texture": "#0"},
				"east": {"uv": [12, 5.5, 12.5, 6], "texture": "#0"},
				"south": {"uv": [12.5, 7.5, 14.5, 8], "texture": "#0"},
				"west": {"uv": [8.5, 13, 9, 13.5], "texture": "#0"},
				"up": {"uv": [14.5, 11, 12.5, 10.5], "texture": "#0"},
				"down": {"uv": [14.5, 11, 12.5, 11.5], "texture": "#0"}
			}
		},
		{
			"from": [1.25, 8.25, 5.25],
			"to": [3.75, 9.75, 6.75],
			"rotation": {"angle": 22.5, "axis": "y", "origin": [0, 0, 0]},
			"faces": {
				"north": {"uv": [3.5, 11, 5, 12], "texture": "#0"},
				"east": {"uv": [7, 12, 8, 13], "texture": "#0"},
				"south": {"uv": [11, 6, 12.5, 7], "texture": "#0"},
				"west": {"uv": [8, 12, 9, 13], "texture": "#0"},
				"up": {"uv": [8.5, 12, 7, 11], "texture": "#0"},
				"down": {"uv": [12.5, 7, 11, 8], "texture": "#0"}
			}
		},
		{
			"from": [-6.34857, 8, 6.83962],
			"to": [0.65143, 10, 8.83962],
			"rotation": {"angle": 45, "axis": "y", "origin": [-1.34857, 0, 1.83962]},
			"faces": {
				"north": {"uv": [0, 6, 3.5, 7], "texture": "#0"},
				"east": {"uv": [12.5, 11.5, 13.5, 12.5], "texture": "#0"},
				"south": {"uv": [3.5, 6, 7, 7], "texture": "#0"},
				"west": {"uv": [12.5, 12.5, 13.5, 13.5], "texture": "#0"},
				"up": {"uv": [3.5, 8, 0, 7], "texture": "#0"},
				"down": {"uv": [10.5, 2, 7, 3], "texture": "#0"}
			}
		},
		{
			"from": [2.71534, 8.25, 8.45717],
			"to": [4.21534, 9.75, 10.95717],
			"rotation": {"angle": -22.5, "axis": "y", "origin": [0.46534, 0, 0.20717]},
			"faces": {
				"north": {"uv": [0, 13, 1, 14], "texture": "#0"},
				"east": {"uv": [11.5, 8, 13, 9], "texture": "#0"},
				"south": {"uv": [1, 13, 2, 14], "texture": "#0"},
				"west": {"uv": [10, 11.5, 11.5, 12.5], "texture": "#0"},
				"up": {"uv": [6, 12.5, 5, 11], "texture": "#0"},
				"down": {"uv": [12.5, 10.5, 11.5, 12], "texture": "#0"}
			}
		},
		{
			"from": [4.5, 9, 16],
			"to": [15, 9.5, 16.5],
			"rotation": {"angle": -22.5, "axis": "y", "origin": [16, 0, 0]},
			"faces": {
				"north": {"uv": [9, 0.5, 14.5, 1], "texture": "#0"},
				"east": {"uv": [3.5, 13.5, 4, 14], "texture": "#0"},
				"south": {"uv": [9, 1, 14.5, 1.5], "texture": "#0"},
				"west": {"uv": [5, 13.5, 5.5, 14], "texture": "#0"},
				"up": {"uv": [14.5, 2, 9, 1.5], "texture": "#0"},
				"down": {"uv": [11, 9, 5.5, 9.5], "texture": "#0"}
			}
		},
		{
			"from": [12.25, 8.25, 5.25],
			"to": [14.75, 9.75, 6.75],
			"rotation": {"angle": -22.5, "axis": "y", "origin": [16, 0, 0]},
			"faces": {
				"north": {"uv": [10.5, 2, 12, 3], "texture": "#0"},
				"east": {"uv": [12, 3.5, 13, 4.5], "texture": "#0"},
				"south": {"uv": [10.5, 3, 12, 4], "texture": "#0"},
				"west": {"uv": [4, 12, 5, 13], "texture": "#0"},
				"up": {"uv": [12, 5, 10.5, 4], "texture": "#0"},
				"down": {"uv": [12, 5, 10.5, 6], "texture": "#0"}
			}
		},
		{
			"from": [15.34857, 8, 6.83962],
			"to": [22.34857, 10, 8.83962],
			"rotation": {"angle": -45, "axis": "y", "origin": [17.34857, 0, 1.83962]},
			"faces": {
				"north": {"uv": [7, 3, 10.5, 4], "texture": "#0"},
				"east": {"uv": [2, 13, 3, 14], "texture": "#0"},
				"south": {"uv": [3.5, 7, 7, 8], "texture": "#0"},
				"west": {"uv": [13, 2, 14, 3], "texture": "#0"},
				"up": {"uv": [10.5, 5, 7, 4], "texture": "#0"},
				"down": {"uv": [10.5, 5, 7, 6], "texture": "#0"}
			}
		},
		{
			"from": [11.78466, 8.25, 8.45717],
			"to": [13.28466, 9.75, 10.95717],
			"rotation": {"angle": 22.5, "axis": "y", "origin": [15.53466, 0, 0.20717]},
			"faces": {
				"north": {"uv": [13, 3, 14, 4], "texture": "#0"},
				"east": {"uv": [0, 12, 1.5, 13], "texture": "#0"},
				"south": {"uv": [4, 13, 5, 14], "texture": "#0"},
				"west": {"uv": [1.5, 12, 3, 13], "texture": "#0"},
				"up": {"uv": [13, 3.5, 12, 2], "texture": "#0"},
				"down": {"uv": [4, 12, 3, 13.5], "texture": "#0"}
			}
		},
		{
			"from": [1, 9, 16],
			"to": [11.5, 9.5, 16.5],
			"rotation": {"angle": 22.5, "axis": "y", "origin": [0, 0, 0]},
			"faces": {
				"north": {"uv": [6, 8, 11.5, 8.5], "texture": "#0"},
				"east": {"uv": [12, 13, 12.5, 13.5], "texture": "#0"},
				"south": {"uv": [6, 8.5, 11.5, 9], "texture": "#0"},
				"west": {"uv": [3, 13.5, 3.5, 14], "texture": "#0"},
				"up": {"uv": [5.5, 9.5, 0, 9], "texture": "#0"},
				"down": {"uv": [14.5, 0, 9, 0.5], "texture": "#0"}
			}
		}
	],
	"gui_light": "front",
	"display": {
		"thirdperson_righthand": {
			"translation": [0, 2, 1.25]
		},
		"thirdperson_lefthand": {
			"translation": [0, 2, 1.25]
		},
		"firstperson_righthand": {
			"rotation": [0, -10, 0],
			"translation": [1, 0, 0]
		},
		"firstperson_lefthand": {
			"rotation": [0, -10, 0],
			"translation": [1, 0, 0]
		},
		"ground": {
			"translation": [0, 1.25, 0]
		},
		"gui": {
			"rotation": [90, 39, 0],
			"translation": [-1, 0.25, 0]
		},
		"fixed": {
			"rotation": [90, 0, 180],
			"translation": [0, 0.75, 0]
		}
	},
	"groups": [
		0,
		1,
		2,
		3,
		4,
		5,
		6,
		7,
		{
			"name": "group",
			"origin": [8, 8, 8],
			"color": 0,
			"children": [8, 9, 10, 11]
		},
		{
			"name": "group",
			"origin": [8, 8, 8],
			"color": 0,
			"children": [12, 13, 14, 15]
		}
	]
}