{
	"credit": "Made with Blockbench",
	"texture_size": [32, 32],
	"textures": {
		"0": "item/fishing_rod",
		"particle": "item/fishing_rod"
	},
	"elements": [
		{
			"from": [7, -3, 12],
			"to": [9, 21, 14],
			"rotation": {"angle": -22.5, "axis": "x", "origin": [9, 0, 7]},
			"faces": {
				"north": {"uv": [0, 0, 1, 12], "texture": "#0"},
				"east": {"uv": [1, 0, 2, 12], "texture": "#0"},
				"south": {"uv": [2, 0, 3, 12], "texture": "#0"},
				"west": {"uv": [3, 0, 4, 12], "texture": "#0"},
				"up": {"uv": [7, 8, 6, 7], "texture": "#0"},
				"down": {"uv": [8, 7, 7, 8], "texture": "#0"}
			}
		},
		{
			"from": [6.75, 0.75, 9.75],
			"to": [9.25, 3.25, 12.25],
			"rotation": {"angle": -22.5, "axis": "x", "origin": [9, 0, 7]},
			"faces": {
				"north": {"uv": [7.5, 0, 8.5, 1], "texture": "#0"},
				"east": {"uv": [7.5, 1, 8.5, 2], "texture": "#0"},
				"south": {"uv": [7.5, 2, 8.5, 3], "texture": "#0"},
				"west": {"uv": [8, 3, 9, 4], "texture": "#0"},
				"up": {"uv": [5, 9, 4, 8], "texture": "#0"},
				"down": {"uv": [9, 4, 8, 5], "texture": "#0"}
			}
		},
		{
			"from": [8, 2, 11],
			"to": [11, 3, 12],
			"rotation": {"angle": -22.5, "axis": "x", "origin": [9, 0, 7]},
			"faces": {
				"north": {"uv": [4, 10, 5.5, 10.5], "texture": "#0"},
				"east": {"uv": [5.5, 10, 6, 10.5], "texture": "#0"},
				"south": {"uv": [10, 4, 11.5, 4.5], "texture": "#0"},
				"west": {"uv": [10, 5.5, 10.5, 6], "texture": "#0"},
				"up": {"uv": [11.5, 5, 10, 4.5], "texture": "#0"},
				"down": {"uv": [11.5, 5, 10, 5.5], "texture": "#0"}
			}
		},
		{
			"from": [7.25, 9.25, 11.25],
			"to": [8.75, 10.75, 12.75],
			"rotation": {"angle": -22.5, "axis": "x", "origin": [9, 0, 7]},
			"faces": {
				"north": {"uv": [5, 8, 6, 9], "texture": "#0"},
				"east": {"uv": [8, 5, 9, 6], "texture": "#0"},
				"south": {"uv": [6, 8, 7, 9], "texture": "#0"},
				"west": {"uv": [8, 6, 9, 7], "texture": "#0"},
				"up": {"uv": [8, 9, 7, 8], "texture": "#0"},
				"down": {"uv": [9, 7, 8, 8], "texture": "#0"}
			}
		},
		{
			"from": [7.25, 5.25, 11.25],
			"to": [8.75, 6.75, 12.75],
			"rotation": {"angle": -22.5, "axis": "x", "origin": [9, 0, 7]},
			"faces": {
				"north": {"uv": [8, 8, 9, 9], "texture": "#0"},
				"east": {"uv": [8.5, 0, 9.5, 1], "texture": "#0"},
				"south": {"uv": [8.5, 1, 9.5, 2], "texture": "#0"},
				"west": {"uv": [8.5, 2, 9.5, 3], "texture": "#0"},
				"up": {"uv": [10, 4, 9, 3], "texture": "#0"},
				"down": {"uv": [5, 9, 4, 10], "texture": "#0"}
			}
		},
		{
			"from": [7.25, 13.25, 11.25],
			"to": [8.75, 14.75, 12.75],
			"rotation": {"angle": -22.5, "axis": "x", "origin": [9, 0, 7]},
			"faces": {
				"north": {"uv": [9, 4, 10, 5], "texture": "#0"},
				"east": {"uv": [5, 9, 6, 10], "texture": "#0"},
				"south": {"uv": [9, 5, 10, 6], "texture": "#0"},
				"west": {"uv": [6, 9, 7, 10], "texture": "#0"},
				"up": {"uv": [10, 7, 9, 6], "texture": "#0"},
				"down": {"uv": [8, 9, 7, 10], "texture": "#0"}
			}
		},
		{
			"from": [7.25, 18.25, 11.25],
			"to": [8.75, 19.75, 12.75],
			"rotation": {"angle": -22.5, "axis": "x", "origin": [9, 0, 7]},
			"faces": {
				"north": {"uv": [9, 7, 10, 8], "texture": "#0"},
				"east": {"uv": [8, 9, 9, 10], "texture": "#0"},
				"south": {"uv": [9, 8, 10, 9], "texture": "#0"},
				"west": {"uv": [9, 9, 10, 10], "texture": "#0"},
				"up": {"uv": [10.5, 1, 9.5, 0], "texture": "#0"},
				"down": {"uv": [10.5, 1, 9.5, 2], "texture": "#0"}
			}
		},
		{
			"from": [7.75, 7.25, -4.195],
			"to": [8.25, 22.75, -3.695],
			"rotation": {"angle": 22.5, "axis": "x", "origin": [0.5, 1, -3.945]},
			"faces": {
				"north": {"uv": [4, 0, 4.5, 8], "texture": "#0"},
				"east": {"uv": [4.5, 0, 5, 8], "texture": "#0"},
				"south": {"uv": [5, 0, 5.5, 8], "texture": "#0"},
				"west": {"uv": [5.5, 0, 6, 8], "texture": "#0"},
				"up": {"uv": [6.5, 10.5, 6, 10], "texture": "#0"},
				"down": {"uv": [10.5, 6, 10, 6.5], "texture": "#0"}
			}
		},
		{
			"from": [7.25, 4.5, -4.945],
			"to": [8.75, 8, -3.445],
			"rotation": {"angle": 22.5, "axis": "x", "origin": [15.25, 1, -3.945]},
			"faces": {
				"north": {"uv": [6, 3, 7, 5], "texture": "#0"},
				"east": {"uv": [6, 5, 7, 7], "texture": "#0"},
				"south": {"uv": [7, 3, 8, 5], "texture": "#0"},
				"west": {"uv": [7, 5, 8, 7], "texture": "#0"},
				"up": {"uv": [10.5, 3, 9.5, 2], "texture": "#0"},
				"down": {"uv": [11, 3, 10, 4], "texture": "#0"}
			}
		},
		{
			"from": [8, 2.25, -5.195],
			"to": [8, 5.25, -2.195],
			"rotation": {"angle": 22.5, "axis": "x", "origin": [2, 1, -3]},
			"faces": {
				"north": {"uv": [0, 0, 0, 1.5], "texture": "#0"},
				"east": {"uv": [6, 0, 7.5, 1.5], "texture": "#0"},
				"south": {"uv": [0, 0, 0, 1.5], "texture": "#0"},
				"west": {"uv": [6, 1.5, 7.5, 3], "texture": "#0"},
				"up": {"uv": [0, 1.5, 0, 0], "texture": "#0"},
				"down": {"uv": [0, 0, 0, 1.5], "texture": "#0"}
			}
		}
	],
	"display": {
		"thirdperson_righthand": {
			"rotation": [25, 0, 0],
			"translation": [0, 5, 0],
			"scale": [0.85, 0.85, 0.85]
		},
		"thirdperson_lefthand": {
			"rotation": [25, 0, 0],
			"translation": [0, 4.75, 0]
		},
		"ground": {
			"rotation": [0, 0, 90]
		},
		"gui": {
			"rotation": [-90, -75.25, -90],
			"translation": [-1, -2, 0],
			"scale": [0.8, 0.8, 0.8]
		},
		"fixed": {
			"rotation": [0, -90, 0],
			"translation": [0, -2.25, 0]
		}
	},
	"groups": [
		0,
		1,
		2,
		3,
		4,
		5,
		6,
		{
			"name": "group",
			"origin": [8, 8, 8],
			"color": 0,
			"nbt": "{}",
			"children": [7, 8, 9]
		}
	]
}