{
  "block.enchantment_table.use": {
	"replace": true,
    "sounds": [
	  { "name": "block/enchantment_table/enchant1", "weight": 12, "volume": 1.0, "pitch": 1},
	  { "name": "block/enchantment_table/enchant2", "weight": 12, "volume": 1.0, "pitch": 1},
      { "name": "block/enchantment_table/enchant3", "weight": 12, "volume": 1.0, "pitch": 1},
	  { "name": "block/enchantment_table/enchant4", "weight": 10, "volume": 1.0, "pitch": 1},
	  { "name": "block/enchantment_table/enchant5", "weight": 12, "volume": 1.0, "pitch": 1},
	  { "name": "block/enchantment_table/enchant6", "weight": 10, "volume": 1.0, "pitch": 1},
      { "name": "block/enchantment_table/enchant7", "weight": 10, "volume": 1.0, "pitch": 1},
	  { "name": "block/enchantment_table/enchant8", "weight": 10, "volume": 1.0, "pitch": 1},
	  { "name": "block/enchantment_table/enchant9", "weight": 10, "volume": 1.0, "pitch": 1},
	  { "name": "block/enchantment_table/enchant10", "weight": 12, "volume": 1.0, "pitch": 1},
	  { "name": "block/enchantment_table/enchant11", "weight": 12, "volume": 1.0, "pitch": 1},
	  { "name": "block/enchantment_table/enchant12", "weight": 12, "volume": 1.0, "pitch": 1}
    ]
    "subtitle": "subtitles.block.enchantment_table.use"
  }
}