{
	"credit": "Made with Blockbench",
	"texture_size": [64, 64],
	"textures": {
		"0": "item/chainmail_chestplate"
	
	},
	"elements": [
		{
			"name": "body",
			"from": [3, 0, 5],
			"to": [13, 14, 11],
			"rotation": {"angle": 0, "axis": "y", "origin": [8, -11, 8]},
			"faces": {
				"north": {"uv": [8, 7.25, 10, 10.25], "texture": "#0"},
				"east": {"uv": [7, 7.25, 8, 10.25], "texture": "#0"},
				"south": {"uv": [11, 7.25, 13, 10.25], "texture": "#0"},
				"west": {"uv": [10, 7.25, 11, 10.25], "texture": "#0"},
				"up": {"uv": [10, 7.25, 8, 6.25], "texture": "#0"},
				"down": {"uv": [12, 6.25, 10, 7.25], "texture": "#0"}
			}
		},
		{
			"name": "right_arm",
			"from": [10.8, 6.8, 4.8],
			"to": [17.2, 15.2, 11.2],
			"rotation": {"angle": 0, "axis": "y", "origin": [8, -11, 8]},
			"faces": {
				"north": {"uv": [2.75, 11.75, 1.75, 13.25], "texture": "#0"},
				"east": {"uv": [3.75, 11.75, 2.75, 13.25], "texture": "#0"},
				"south": {"uv": [4.75, 11.75, 3.75, 13.25], "texture": "#0"},
				"west": {"uv": [1.75, 11.75, 0.75, 13.25], "texture": "#0"},
				"up": {"uv": [1.75, 11.75, 2.75, 10.75], "texture": "#0"},
				"down": {"uv": [2.75, 10.75, 3.75, 11.75], "texture": "#0"}
			}
		},
		{
			"name": "right_arm_sub_0",
			"from": [11.3, 0.3, 5.3],
			"to": [16.7, 13.7, 10.7],
			"shade": false,
			"rotation": {"angle": 0, "axis": "y", "origin": [8, -11, 8]},
			"faces": {
				"north": {"uv": [5.75, 11.25, 6.75, 14.25], "texture": "#0"},
				"east": {"uv": [4.75, 11.25, 5.75, 14.25], "texture": "#0"},
				"south": {"uv": [7.75, 11.25, 8.75, 14.25], "texture": "#0"},
				"west": {"uv": [6.75, 11.25, 7.75, 14.25], "texture": "#0"},
				"up": {"uv": [6.75, 11.25, 5.75, 10.25], "texture": "#0"},
				"down": {"uv": [7.75, 10.25, 6.75, 11.25], "texture": "#0"}
			}
		},
		{
			"name": "left_arm",
			"from": [-1.2, 6.8, 4.8],
			"to": [5.2, 15.2, 11.2],
			"rotation": {"angle": 0, "axis": "y", "origin": [8, -11, 8]},
			"faces": {
				"north": {"uv": [1.75, 14.25, 2.75, 15.75], "texture": "#0"},
				"east": {"uv": [0.75, 14.25, 1.75, 15.75], "texture": "#0"},
				"south": {"uv": [3.75, 14.25, 4.75, 15.75], "texture": "#0"},
				"west": {"uv": [2.75, 14.25, 3.75, 15.75], "texture": "#0"},
				"up": {"uv": [2.75, 14.25, 1.75, 13.25], "texture": "#0"},
				"down": {"uv": [3.75, 13.25, 2.75, 14.25], "texture": "#0"}
			}
		},
		{
			"name": "left_arm_sub_0",
			"from": [-0.7, 0.3, 5.3],
			"to": [4.7, 13.7, 10.7],
			"rotation": {"angle": 0, "axis": "y", "origin": [8, -11, 8]},
			"faces": {
				"north": {"uv": [6.75, 11.25, 5.75, 14.25], "texture": "#0"},
				"east": {"uv": [7.75, 11.25, 6.75, 14.25], "texture": "#0"},
				"south": {"uv": [8.75, 11.25, 7.75, 14.25], "texture": "#0"},
				"west": {"uv": [5.75, 11.25, 4.75, 14.25], "texture": "#0"},
				"up": {"uv": [5.75, 11.25, 6.75, 10.25], "texture": "#0"},
				"down": {"uv": [6.75, 10.25, 7.75, 11.25], "texture": "#0"}
			}
		}
	],
	"gui_light": "front",
	"display": {
		"thirdperson_righthand": {
			"rotation": [90, 0, 0],
			"translation": [0, 1.25, 4],
			"scale": [0.6, 0.6, 0.6]
		},
		"thirdperson_lefthand": {
			"rotation": [90, 0, 0],
			"translation": [0, 1.25, 4],
			"scale": [0.6, 0.6, 0.6]
		},
		"firstperson_righthand": {
			"scale": [1.2, 1.2, 1.2]
		},
		"firstperson_lefthand": {
			"scale": [1.2, 1.2, 1.2]
		},
		"ground": {
			"translation": [0, 4.75, 0]
		},
		"gui": {
			"rotation": [20, 155, 0],
			"translation": [-0.25, 0.5, 0],
			"scale": [0.8, 0.8, 0.8]
		},
		"fixed": {
			"translation": [0, 5.75, -3.5],
			"scale": [2, 2, 2]
		}
	},
	"groups": [
		{
			"name": "body",
			"origin": [0, 24, 0],
			"color": 0,
			"children": [0]
		},
		{
			"name": "right_arm",
			"origin": [5, 22, 0],
			"color": 0,
			"children": [
				1,
				{
					"name": "right_arm_sub_0",
					"origin": [0, 0, 0],
					"color": 0,
					"shade": false,
					"children": [2]
				}
			]
		},
		{
			"name": "left_arm",
			"origin": [-5, 22, 0],
			"color": 0,
			"children": [
				3,
				{
					"name": "left_arm_sub_0",
					"origin": [0, 0, 0],
					"color": 0,
					"children": [4]
				}
			]
		}
	]
}