{
	"credit": "Made with Blockbench",
	"texture_size": [64, 64],
	"textures": {
		"0": "item/chainmail_leggings"
	},
	"elements": [
		{
			"name": "right_leg_sub_1",
			"from": [7.5, -0.5, 5.5],
			"to": [12.5, 12.5, 10.5],
			"rotation": {"angle": 0, "axis": "y", "origin": [8, 0, 8]},
			"faces": {
				"north": {"uv": [8, 8.25, 7, 11.25], "texture": "#0"},
				"east": {"uv": [9, 8.25, 8, 11.25], "texture": "#0"},
				"south": {"uv": [10, 8.25, 9, 11.25], "texture": "#0"},
				"west": {"uv": [7, 8.25, 6, 11.25], "texture": "#0"},
				"up": {"uv": [7, 8.25, 8, 7.25], "texture": "#0"},
				"down": {"uv": [8, 7.25, 9, 8.25], "texture": "#0"}
			}
		},
		{
			"name": "bone2",
			"from": [11.76437, 2.30792, 6.44372],
			"to": [13.78437, 11.32792, 11.46372],
			"rotation": {"angle": 22.5, "axis": "z", "origin": [5, 13, 0]},
			"faces": {
				"north": {"uv": [1.25, 4.25, 1, 6.25], "texture": "#0"},
				"east": {"uv": [2.25, 4.25, 1.25, 6.25], "texture": "#0"},
				"south": {"uv": [2.5, 4.25, 2.25, 6.25], "texture": "#0"},
				"west": {"uv": [1, 4.25, 0, 6.25], "texture": "#0"},
				"up": {"uv": [1, 4.25, 1.25, 3.25], "texture": "#0"},
				"down": {"uv": [1.25, 3.25, 1.5, 4.25], "texture": "#0"}
			}
		},
		{
			"name": "left_leg_sub_1",
			"from": [3.5, -0.5, 5.5],
			"to": [8.5, 12.5, 10.5],
			"rotation": {"angle": 0, "axis": "y", "origin": [8, 0, 8]},
			"faces": {
				"north": {"uv": [7, 8.25, 8, 11.25], "texture": "#0"},
				"east": {"uv": [6, 8.25, 7, 11.25], "texture": "#0"},
				"south": {"uv": [9, 8.25, 10, 11.25], "texture": "#0"},
				"west": {"uv": [8, 8.25, 9, 11.25], "texture": "#0"},
				"up": {"uv": [8, 8.25, 7, 7.25], "texture": "#0"},
				"down": {"uv": [9, 7.25, 8, 8.25], "texture": "#0"}
			}
		},
		{
			"name": "bone3",
			"from": [0.99771, 8.43086, 6.44372],
			"to": [3.01771, 17.45086, 11.46372],
			"rotation": {"angle": -22.5, "axis": "z", "origin": [-5, 13, 0]},
			"faces": {
				"north": {"uv": [1, 4.25, 1.25, 6.25], "texture": "#0"},
				"east": {"uv": [0, 4.25, 1, 6.25], "texture": "#0"},
				"south": {"uv": [2.25, 4.25, 2.5, 6.25], "texture": "#0"},
				"west": {"uv": [1.25, 4.25, 2.25, 6.25], "texture": "#0"},
				"up": {"uv": [1.25, 4.25, 1, 3.25], "texture": "#0"},
				"down": {"uv": [1.5, 3.25, 1.25, 4.25], "texture": "#0"}
			}
		},
		{
			"name": "body",
			"from": [3.5, 11.5, 5.5],
			"to": [12.5, 24.5, 10.5],
			"rotation": {"angle": 0, "axis": "y", "origin": [8, 0, 8]},
			"faces": {
				"north": {"uv": [1, 7.25, 3, 10.25], "texture": "#0"},
				"east": {"uv": [0, 7.25, 1, 10.25], "texture": "#0"},
				"south": {"uv": [4, 7.25, 6, 10.25], "texture": "#0"},
				"west": {"uv": [3, 7.25, 4, 10.25], "texture": "#0"},
				"up": {"uv": [3, 7.25, 1, 6.25], "texture": "#0"},
				"down": {"uv": [5, 6.25, 3, 7.25], "texture": "#0"}
			}
		}
	],
	"gui_light": "front",
	"display": {
		"thirdperson_righthand": {
			"rotation": [90, 0, 0],
			"translation": [0, 1.25, 4],
			"scale": [0.6, 0.6, 0.6]
		},
		"thirdperson_lefthand": {
			"rotation": [90, 0, 0],
			"translation": [0, 1.25, 4],
			"scale": [0.6, 0.6, 0.6]
		},
		"firstperson_righthand": {
			"scale": [1.2, 1.2, 1.2]
		},
		"firstperson_lefthand": {
			"scale": [1.2, 1.2, 1.2]
		},
		"ground": {
			"translation": [0, 4.75, 0]
		},
		"gui": {
			"rotation": [20, 155, 0],
			"translation": [-0.25, -1.5, 0],
			"scale": [0.7, 0.7, 0.7]
		},
		"fixed": {
			"translation": [0, -5, -3],
			"scale": [2, 2, 2]
		}
	},
	"groups": [
		{
			"name": "right_leg",
			"origin": [2, 12, 0],
			"color": 0,
			"children": [
				{
					"name": "right_leg_sub_1",
					"origin": [0, 0, 0],
					"color": 0,
					"children": [0]
				},
				{
					"name": "bone2",
					"origin": [4, 11, 1],
					"rotation": [0, 17.5, 12.5],
					"color": 0,
					"children": [1]
				}
			]
		},
		{
			"name": "left_leg",
			"origin": [-2, 12, 0],
			"color": 0,
			"children": [
				{
					"name": "left_leg_sub_1",
					"origin": [0, 0, 0],
					"color": 0,
					"children": [2]
				},
				{
					"name": "bone3",
					"origin": [-4, 11, 1],
					"rotation": [0, -17.5, -12.5],
					"color": 0,
					"children": [3]
				}
			]
		},
		{
			"name": "body",
			"origin": [0, 24, 0],
			"color": 0,
			"children": [4]
		}
	]
}