{
	"credit": "Made with Blockbench",
	"texture_size": [64, 64],
	"textures": {
		"0": "item/iron_helmet"
	},
	"elements": [
		{
			"name": "head",
			"from": [4, 0, 4],
			"to": [12, 8, 12],
			"rotation": {"angle": 0, "axis": "y", "origin": [9, -22, 9]},
			"faces": {
				"north": {"uv": [2, 2, 4, 4], "texture": "#0"},
				"east": {"uv": [0, 2, 2, 4], "texture": "#0"},
				"south": {"uv": [6, 2, 8, 4], "texture": "#0"},
				"west": {"uv": [4, 2, 6, 4], "texture": "#0"},
				"up": {"uv": [4, 2, 2, 0], "texture": "#0"},
				"down": {"uv": [6, 0, 4, 2], "texture": "#0"}
			}
		},
		{
			"name": "bone5",
			"from": [3.5, 7, 9],
			"to": [12.5, 13, 16],
			"rotation": {"angle": 22.5, "axis": "x", "origin": [0, 29, -2]},
			"faces": {
				"north": {"uv": [4, 5.75, 1.75, 7.25], "texture": "#0"},
				"east": {"uv": [5.75, 5.75, 4, 7.25], "texture": "#0"},
				"south": {"uv": [8, 5.75, 5.75, 7.25], "texture": "#0"},
				"west": {"uv": [1.75, 5.75, 0, 7.25], "texture": "#0"},
				"up": {"uv": [1.75, 5.75, 4, 4], "texture": "#0"},
				"down": {"uv": [4, 4, 6.25, 5.75], "texture": "#0"}
			}
		}
	],
	"gui_light": "front",
	"display": {
		"thirdperson_righthand": {
			"rotation": [90, 0, 0],
			"translation": [0, 1.25, 4],
			"scale": [0.6, 0.6, 0.6]
		},
		"thirdperson_lefthand": {
			"rotation": [90, 0, 0],
			"translation": [0, 1.25, 4],
			"scale": [0.6, 0.6, 0.6]
		},
		"firstperson_righthand": {
			"scale": [1.2, 1.2, 1.2]
		},
		"firstperson_lefthand": {
			"scale": [1.2, 1.2, 1.2]
		},
		"ground": {
			"translation": [0, 4.75, 0]
		},
		"gui": {
			"rotation": [20, 155, 0],
			"translation": [0, 2.5, 0],
			"scale": [1.1, 1.1, 1.1]
		},
		"fixed": {
			"translation": [0, 5.75, -8.25],
			"scale": [2, 2, 2]
		}
	},
	"groups": [
		{
			"name": "head",
			"origin": [0, 24, 0],
			"color": 0,
			"children": [
				0,
				{
					"name": "bone5",
					"origin": [0, 30, -2],
					"rotation": [37.5, 0, 0],
					"color": 0,
					"children": [1]
				}
			]
		}
	]
}